epoch,time,train/box_loss,train/pose_loss,train/kobj_loss,train/cls_loss,train/dfl_loss,train/rle_loss,metrics/precision(B),metrics/recall(B),metrics/mAP50(B),metrics/mAP50-95(B),metrics/precision(P),metrics/recall(P),metrics/mAP50(P),metrics/mAP50-95(P),val/box_loss,val/pose_loss,val/kobj_loss,val/cls_loss,val/dfl_loss,val/rle_loss,lr/pg0,lr/pg1,lr/pg2,lr/pg3,lr/pg4,lr/pg5,lr/pg6,lr/pg7
1,759.215,2.50755,1.48125,1.31412,2.54045,0.0048,6.02151,0.63957,0.39906,0.43555,0.20681,0,0,0,0,2.15255,0,2.17681,1.5357,0.00561,0,0.00998913,0.00332971,0.00998913,0.00332971,0.00998913,0.00332971,0.00998913,0.00332971
2,1261.28,2.31946,0.82842,1.0376,1.59096,0.00414,2.68398,0.69506,0.44678,0.5026,0.2469,0,0,0,0,2.08944,0,2.64885,1.25625,0.00556,0,0.0197912,0.00659708,0.0197912,0.00659708,0.0197912,0.00659708,0.0197912,0.00659708
3,1723.77,2.30326,0.74398,0.88682,1.46679,0.00417,1.95603,0.70528,0.43905,0.49583,0.24348,0,0,0,0,2.12605,0,2.65744,1.30488,0.00576,0,0.0293953,0.00979845,0.0293953,0.00979845,0.0293953,0.00979845,0.0293953,0.00979845
4,2175.82,2.29438,0.67998,0.83314,1.40523,0.00406,1.37941,0.72616,0.47303,0.53395,0.26376,0,0,0,0,2.06938,0,2.93932,1.21907,0.0054,0,0.029109,0.009703,0.029109,0.009703,0.029109,0.009703,0.029109,0.009703
5,2636.65,2.24707,0.61942,0.79315,1.33429,0.00398,0.83953,0.74711,0.47953,0.54641,0.27077,0,0,0,0,2.05143,0,3.20487,1.19939,0.00533,0,0.028812,0.009604,0.028812,0.009604,0.028812,0.009604,0.028812,0.009604
6,3148.01,2.22561,0.59666,0.77063,1.32085,0.00396,0.5989,0.7605,0.4895,0.55984,0.28276,0,0,0,0,2.01289,0,3.36469,1.16505,0.00517,0,0.028515,0.009505,0.028515,0.009505,0.028515,0.009505,0.028515,0.009505
7,3578.02,2.20907,0.57778,0.76479,1.29772,0.00392,0.45713,0.75878,0.49228,0.56358,0.28566,0,0,0,0,1.99929,0,3.13092,1.16811,0.00512,0,0.028218,0.009406,0.028218,0.009406,0.028218,0.009406,0.028218,0.009406
8,4008.81,2.18078,0.54137,0.74329,1.26062,0.00381,0.2964,0.76517,0.49681,0.57113,0.29176,0,0,0,0,2.00806,0,3.23558,1.11613,0.00506,0,0.027921,0.009307,0.027921,0.009307,0.027921,0.009307,0.027921,0.009307
9,4464.19,2.18966,0.53762,0.72712,1.26508,0.0038,0.25789,0.77919,0.5074,0.58261,0.29868,0,0,0,0,1.97494,0,3.46125,1.09161,0.005,0,0.027624,0.009208,0.027624,0.009208,0.027624,0.009208,0.027624,0.009208
10,4928.87,2.18257,0.5353,0.73904,1.25533,0.00375,0.19835,0.76591,0.51478,0.58282,0.29856,0,0,0,0,1.97569,0,3.63621,1.10507,0.00503,0,0.027327,0.009109,0.027327,0.009109,0.027327,0.009109,0.027327,0.009109
11,5388.11,2.14335,0.52841,0.72301,1.21343,0.00378,0.16813,0.78726,0.51446,0.59167,0.30446,0,0,0,0,1.95404,0,3.72183,1.10113,0.00496,0,0.02703,0.00901,0.02703,0.00901,0.02703,0.00901,0.02703,0.00901
12,5819.27,2.15342,0.51685,0.71842,1.22984,0.00376,0.1567,0.78559,0.51557,0.59425,0.30736,0,0,0,0,1.9544,0,3.67481,1.07611,0.00496,0,0.026733,0.008911,0.026733,0.008911,0.026733,0.008911,0.026733,0.008911
13,6259.47,2.14008,0.51574,0.70895,1.21606,0.00371,0.11418,0.78324,0.51516,0.59351,0.30818,0,0,0,0,1.96015,0,3.81636,1.08461,0.00495,0,0.026436,0.008812,0.026436,0.008812,0.026436,0.008812,0.026436,0.008812
14,6732.3,2.14465,0.50293,0.70543,1.19733,0.00365,0.11908,0.79273,0.52997,0.60735,0.31562,0,0,0,0,1.94094,0,3.89882,1.04242,0.00489,0,0.026139,0.008713,0.026139,0.008713,0.026139,0.008713,0.026139,0.008713
15,7201.03,2.12782,0.5017,0.69512,1.19213,0.00366,0.10864,0.78906,0.5273,0.60408,0.31363,0,0,0,0,1.94143,0,3.90939,1.04439,0.0049,0,0.025842,0.008614,0.025842,0.008614,0.025842,0.008614,0.025842,0.008614
16,7654.4,2.12678,0.50037,0.70566,1.18402,0.0036,0.09704,0.8,0.5339,0.61388,0.3202,0,0,0,0,1.92651,0,3.93759,1.04784,0.00482,0,0.025545,0.008515,0.025545,0.008515,0.025545,0.008515,0.025545,0.008515
17,8134.97,2.12689,0.50085,0.70179,1.17714,0.00361,0.07858,0.79996,0.53913,0.61709,0.32381,0,0,0,0,1.90931,0,4.03473,1.02925,0.00474,0,0.025248,0.008416,0.025248,0.008416,0.025248,0.008416,0.025248,0.008416
18,8562.04,2.11945,0.49781,0.70176,1.1713,0.00361,0.0861,0.79337,0.53846,0.61457,0.32483,0,0,0,0,1.9068,0,4.19146,1.03446,0.00477,0,0.024951,0.008317,0.024951,0.008317,0.024951,0.008317,0.024951,0.008317
19,9090.51,2.10902,0.48541,0.68928,1.16222,0.00357,0.0658,0.80336,0.54022,0.62232,0.32836,0,0,0,0,1.90947,0,3.94429,1.00921,0.00469,0,0.024654,0.008218,0.024654,0.008218,0.024654,0.008218,0.024654,0.008218
20,9518.7,2.10327,0.48314,0.68608,1.1594,0.00357,0.06411,0.79529,0.5414,0.61969,0.32612,0,0,0,0,1.89883,0,4.29849,1.00999,0.00473,0,0.024357,0.008119,0.024357,0.008119,0.024357,0.008119,0.024357,0.008119
21,10010.9,2.10194,0.48418,0.67979,1.15313,0.00358,0.07546,0.80622,0.54612,0.62787,0.33223,0,0,0,0,1.8924,0,4.36642,0.99745,0.00469,0,0.02406,0.00802,0.02406,0.00802,0.02406,0.00802,0.02406,0.00802
22,10460.3,2.09216,0.46293,0.67426,1.15186,0.00356,0.05489,0.80451,0.54392,0.62703,0.33194,0,0,0,0,1.89316,0,4.2111,1.00232,0.00472,0,0.023763,0.007921,0.023763,0.007921,0.023763,0.007921,0.023763,0.007921
23,10985.1,2.07808,0.48157,0.67732,1.12966,0.00353,0.04455,0.80185,0.55574,0.6337,0.33428,0,0,0,0,1.89252,0,4.37679,0.97993,0.00465,0,0.023466,0.007822,0.023466,0.007822,0.023466,0.007822,0.023466,0.007822
24,11448.9,2.1042,0.46602,0.66872,1.14663,0.00351,0.0536,0.80885,0.56056,0.6389,0.33879,0,0,0,0,1.87791,0,4.42936,0.97884,0.00461,0,0.023169,0.007723,0.023169,0.007723,0.023169,0.007723,0.023169,0.007723
25,11927.8,2.08432,0.46537,0.66927,1.1221,0.00348,0.03963,0.81221,0.56099,0.64099,0.34054,0,0,0,0,1.87192,0,4.3521,0.97434,0.0046,0,0.022872,0.007624,0.022872,0.007624,0.022872,0.007624,0.022872,0.007624
26,12354.5,2.07135,0.45232,0.65579,1.12196,0.00352,0.0512,0.81403,0.55485,0.63972,0.33971,0,0,0,0,1.87575,0,4.09661,0.98149,0.00461,0,0.022575,0.007525,0.022575,0.007525,0.022575,0.007525,0.022575,0.007525
27,12817,2.06964,0.45512,0.65894,1.12279,0.00346,0.03741,0.81378,0.56217,0.64373,0.34334,0,0,0,0,1.86557,0,4.16565,0.9684,0.00456,0,0.022278,0.007426,0.022278,0.007426,0.022278,0.007426,0.022278,0.007426
28,13243.7,2.07135,0.44974,0.65615,1.11702,0.00346,0.0326,0.81651,0.56087,0.64485,0.34468,0,0,0,0,1.86299,0,4.38393,0.9718,0.00455,0,0.021981,0.007327,0.021981,0.007327,0.021981,0.007327,0.021981,0.007327
29,13698.9,2.07597,0.4474,0.64799,1.11331,0.00338,0.03152,0.81166,0.56629,0.64628,0.34508,0,0,0,0,1.85329,0,4.58844,0.96137,0.00452,0,0.021684,0.007228,0.021684,0.007228,0.021684,0.007228,0.021684,0.007228
30,14131.5,2.05484,0.45069,0.65828,1.10074,0.00347,0.03072,0.82077,0.56543,0.65085,0.34855,0,0,0,0,1.84882,0,4.39061,0.94858,0.00451,0,0.021387,0.007129,0.021387,0.007129,0.021387,0.007129,0.021387,0.007129
31,14559.7,2.04902,0.44512,0.6475,1.09833,0.00343,0.02306,0.82581,0.56547,0.65173,0.3503,0,0,0,0,1.8452,0,4.42454,0.9526,0.00446,0,0.02109,0.00703,0.02109,0.00703,0.02109,0.00703,0.02109,0.00703
32,14985.6,2.04665,0.4375,0.63689,1.0963,0.0034,0.02567,0.81877,0.56654,0.65098,0.34853,0,0,0,0,1.85066,0,4.37141,0.95381,0.0045,0,0.020793,0.006931,0.020793,0.006931,0.020793,0.006931,0.020793,0.006931
33,15424.7,2.04662,0.4465,0.64688,1.08781,0.0034,0.03085,0.81888,0.57112,0.65474,0.35229,0,0,0,0,1.83969,0,4.39933,0.93611,0.00446,0,0.020496,0.006832,0.020496,0.006832,0.020496,0.006832,0.020496,0.006832
34,15886.6,2.04186,0.43834,0.64599,1.08297,0.00339,0.02541,0.82346,0.57268,0.65893,0.35303,0,0,0,0,1.83875,0,4.34856,0.93935,0.00447,0,0.020199,0.006733,0.020199,0.006733,0.020199,0.006733,0.020199,0.006733
35,16320,2.04286,0.44582,0.64742,1.08256,0.00338,0.02544,0.81859,0.57276,0.65599,0.35243,0,0,0,0,1.83715,0,4.57702,0.93172,0.00443,0,0.019902,0.006634,0.019902,0.006634,0.019902,0.006634,0.019902,0.006634
36,16767,2.03129,0.43807,0.6316,1.07306,0.0034,0.01847,0.81819,0.57331,0.65657,0.35444,0,0,0,0,1.83105,0,4.58526,0.93666,0.00444,0,0.019605,0.006535,0.019605,0.006535,0.019605,0.006535,0.019605,0.006535
37,17195.2,2.04894,0.42878,0.63439,1.08247,0.00333,0.02069,0.82097,0.5747,0.65948,0.35552,0,0,0,0,1.8299,0,4.58794,0.9287,0.00443,0,0.019308,0.006436,0.019308,0.006436,0.019308,0.006436,0.019308,0.006436
38,17623.8,2.03196,0.42649,0.62236,1.07479,0.00335,0.0189,0.82657,0.57455,0.66284,0.35651,0,0,0,0,1.82214,0,4.52026,0.93028,0.00439,0,0.019011,0.006337,0.019011,0.006337,0.019011,0.006337,0.019011,0.006337
39,18053.1,2.02567,0.42276,0.62201,1.07286,0.00334,0.01705,0.82607,0.57855,0.66548,0.35962,0,0,0,0,1.81822,0,4.63713,0.924,0.00437,0,0.018714,0.006238,0.018714,0.006238,0.018714,0.006238,0.018714,0.006238
40,18483.7,2.01413,0.4293,0.62862,1.06215,0.00337,0.01635,0.8275,0.57917,0.66573,0.35935,0,0,0,0,1.82414,0,4.86623,0.91487,0.0044,0,0.018417,0.006139,0.018417,0.006139,0.018417,0.006139,0.018417,0.006139
41,18912.1,2.0264,0.41559,0.62591,1.06317,0.00327,0.00952,0.8254,0.58329,0.66723,0.36083,0,0,0,0,1.81439,0,4.72366,0.92088,0.00437,0,0.01812,0.00604,0.01812,0.00604,0.01812,0.00604,0.01812,0.00604
42,19337.5,1.99983,0.41609,0.61921,1.05111,0.00336,0.01659,0.82782,0.57759,0.66472,0.35991,0,0,0,0,1.81915,0,4.69074,0.91553,0.00437,0,0.017823,0.005941,0.017823,0.005941,0.017823,0.005941,0.017823,0.005941
43,19763.5,2.02998,0.41506,0.60751,1.05861,0.00329,0.00879,0.82403,0.58592,0.67041,0.36314,0,0,0,0,1.80994,0,4.82082,0.91391,0.00435,0,0.017526,0.005842,0.017526,0.005842,0.017526,0.005842,0.017526,0.005842
44,20194.1,2.01629,0.4218,0.62337,1.04282,0.00329,0.02013,0.83387,0.58301,0.67079,0.36417,0,0,0,0,1.80618,0,4.70441,0.90943,0.00434,0,0.017229,0.005743,0.017229,0.005743,0.017229,0.005743,0.017229,0.005743
45,20625.9,2.01595,0.41943,0.61155,1.04649,0.00327,0.01428,0.83016,0.58626,0.67084,0.36373,0,0,0,0,1.80616,0,4.81267,0.90583,0.00433,0,0.016932,0.005644,0.016932,0.005644,0.016932,0.005644,0.016932,0.005644
46,21054.5,2.00619,0.41549,0.61,1.04482,0.00326,0.01058,0.83113,0.58492,0.67128,0.36487,0,0,0,0,1.79845,0,4.81816,0.91136,0.0043,0,0.016635,0.005545,0.016635,0.005545,0.016635,0.005545,0.016635,0.005545
47,21482.2,2.01162,0.41403,0.60423,1.04316,0.00326,0.01037,0.83223,0.58782,0.67343,0.36605,0,0,0,0,1.8013,0,4.85368,0.9077,0.00432,0,0.016338,0.005446,0.016338,0.005446,0.016338,0.005446,0.016338,0.005446
48,21906.2,2.00053,0.41445,0.61413,1.04114,0.0033,0.00959,0.83358,0.58991,0.67636,0.36676,0,0,0,0,1.80326,0,4.90622,0.90549,0.00432,0,0.016041,0.005347,0.016041,0.005347,0.016041,0.005347,0.016041,0.005347
49,22337.2,1.99835,0.40521,0.60013,1.03704,0.00322,0.01116,0.83257,0.58742,0.6745,0.36591,0,0,0,0,1.80249,0,4.91099,0.9085,0.00432,0,0.015744,0.005248,0.015744,0.005248,0.015744,0.005248,0.015744,0.005248
50,22767.2,1.99552,0.40453,0.60318,1.03481,0.00324,0.01156,0.83201,0.5912,0.67649,0.36723,0,0,0,0,1.80144,0,4.90029,0.9005,0.00432,0,0.015447,0.005149,0.015447,0.005149,0.015447,0.005149,0.015447,0.005149
51,23196.2,1.98613,0.41034,0.58886,1.0293,0.00325,0.0092,0.8393,0.5884,0.6773,0.36811,0,0,0,0,1.79701,0,4.90562,0.90117,0.00429,0,0.01515,0.00505,0.01515,0.00505,0.01515,0.00505,0.01515,0.00505
52,23619.8,1.98096,0.40683,0.60015,1.02373,0.00321,0.01024,0.83435,0.59099,0.67716,0.36804,0,0,0,0,1.79619,0,4.99596,0.90108,0.0043,0,0.014853,0.004951,0.014853,0.004951,0.014853,0.004951,0.014853,0.004951
53,24044.9,1.98436,0.40264,0.60055,1.02465,0.00321,0.00654,0.83527,0.5923,0.67831,0.36849,0,0,0,0,1.79261,0,4.96213,0.90173,0.00429,0,0.014556,0.004852,0.014556,0.004852,0.014556,0.004852,0.014556,0.004852
54,24472.6,1.97979,0.40076,0.57902,1.01443,0.0032,0.00844,0.83216,0.59374,0.67855,0.3692,0,0,0,0,1.79306,0,5.0003,0.89935,0.00429,0,0.014259,0.004753,0.014259,0.004753,0.014259,0.004753,0.014259,0.004753
55,24900.7,1.99066,0.39274,0.58592,1.02708,0.00321,0.01106,0.83233,0.59414,0.67922,0.37014,0,0,0,0,1.79026,0,4.98313,0.89942,0.00428,0,0.013962,0.004654,0.013962,0.004654,0.013962,0.004654,0.013962,0.004654
56,25331.2,1.97484,0.39154,0.589,1.01758,0.00318,0.00458,0.83424,0.59638,0.68056,0.37076,0,0,0,0,1.79037,0,4.9734,0.89667,0.00428,0,0.013665,0.004555,0.013665,0.004555,0.013665,0.004555,0.013665,0.004555
57,25758,1.97841,0.39144,0.57131,1.015,0.00315,0.00426,0.83726,0.59526,0.68132,0.37172,0,0,0,0,1.79124,0,5.05361,0.89486,0.00428,0,0.013368,0.004456,0.013368,0.004456,0.013368,0.004456,0.013368,0.004456
58,26187.1,1.96802,0.40318,0.57604,1.00997,0.00318,0.00643,0.83599,0.59487,0.68173,0.37222,0,0,0,0,1.7884,0,5.13951,0.8956,0.00428,0,0.013071,0.004357,0.013071,0.004357,0.013071,0.004357,0.013071,0.004357
59,26612.3,1.96023,0.38525,0.57314,1.00174,0.00317,0.00638,0.83731,0.59565,0.68264,0.37229,0,0,0,0,1.78809,0,5.21202,0.89376,0.00428,0,0.012774,0.004258,0.012774,0.004258,0.012774,0.004258,0.012774,0.004258
60,27044.5,1.97769,0.39343,0.56949,1.00084,0.00313,0.00597,0.83803,0.59577,0.68267,0.3726,0,0,0,0,1.78637,0,5.18697,0.89434,0.00428,0,0.012477,0.004159,0.012477,0.004159,0.012477,0.004159,0.012477,0.004159
61,27495.4,1.959,0.38631,0.55648,0.99614,0.00311,0.00672,0.83754,0.59729,0.68298,0.37297,0,0,0,0,1.78872,0,5.18734,0.89023,0.00428,0,0.01218,0.00406,0.01218,0.00406,0.01218,0.00406,0.01218,0.00406
62,27928.8,1.95441,0.38019,0.56851,0.99596,0.00312,0.00451,0.83808,0.59714,0.68327,0.37278,0,0,0,0,1.78695,0,5.23009,0.89285,0.00427,0,0.011883,0.003961,0.011883,0.003961,0.011883,0.003961,0.011883,0.003961
63,28353.1,1.94637,0.38494,0.56289,0.98373,0.00316,0.00637,0.83718,0.59762,0.68342,0.37305,0,0,0,0,1.78684,0,5.26279,0.89072,0.00427,0,0.011586,0.003862,0.011586,0.003862,0.011586,0.003862,0.011586,0.003862
64,28782.1,1.95895,0.37773,0.56423,0.99343,0.00308,0.00668,0.83885,0.59769,0.68412,0.37361,0,0,0,0,1.78691,0,5.27795,0.89076,0.00426,0,0.011289,0.003763,0.011289,0.003763,0.011289,0.003763,0.011289,0.003763
65,29214.3,1.94709,0.38118,0.5528,0.98365,0.00306,0.00325,0.84061,0.59716,0.68475,0.3744,0,0,0,0,1.78432,0,5.3043,0.88868,0.00425,0,0.010992,0.003664,0.010992,0.003664,0.010992,0.003664,0.010992,0.003664
66,29645.6,1.94284,0.37738,0.55602,0.99152,0.00312,0.00478,0.83787,0.59898,0.68481,0.37446,0,0,0,0,1.78242,0,5.34706,0.88865,0.00425,0,0.010695,0.003565,0.010695,0.003565,0.010695,0.003565,0.010695,0.003565
67,30073.4,1.9424,0.38259,0.55366,0.98251,0.00308,0.00371,0.83814,0.59991,0.68546,0.37489,0,0,0,0,1.7814,0,5.40157,0.88845,0.00425,0,0.010398,0.003466,0.010398,0.003466,0.010398,0.003466,0.010398,0.003466
68,30500,1.94376,0.38081,0.54853,0.98308,0.00306,0.00509,0.8379,0.60054,0.6857,0.37469,0,0,0,0,1.78196,0,5.42748,0.88733,0.00425,0,0.010101,0.003367,0.010101,0.003367,0.010101,0.003367,0.010101,0.003367
69,30923.7,1.93421,0.3684,0.53979,0.9803,0.00308,0.00618,0.83963,0.60034,0.68553,0.37472,0,0,0,0,1.78094,0,5.46818,0.88788,0.00425,0,0.009804,0.003268,0.009804,0.003268,0.009804,0.003268,0.009804,0.003268
70,31355.9,1.92785,0.38057,0.54306,0.98369,0.00306,0.0022,0.84079,0.59946,0.68535,0.37458,0,0,0,0,1.78156,0,5.50006,0.88803,0.00425,0,0.009507,0.003169,0.009507,0.003169,0.009507,0.003169,0.009507,0.003169
71,31782.3,1.92829,0.37879,0.53706,0.97158,0.00305,0.00234,0.84045,0.59998,0.68609,0.37483,0,0,0,0,1.78094,0,5.55329,0.8881,0.00424,0,0.00921,0.00307,0.00921,0.00307,0.00921,0.00307,0.00921,0.00307
72,32211.5,1.93746,0.37338,0.53787,0.97854,0.00303,0.00296,0.83973,0.60055,0.68601,0.37516,0,0,0,0,1.78092,0,5.59193,0.88786,0.00424,0,0.008913,0.002971,0.008913,0.002971,0.008913,0.002971,0.008913,0.002971
73,32637.3,1.93384,0.37103,0.53746,0.96767,0.003,0.00165,0.83987,0.60107,0.68727,0.37539,0,0,0,0,1.78115,0,5.63097,0.88707,0.00424,0,0.008616,0.002872,0.008616,0.002872,0.008616,0.002872,0.008616,0.002872
74,33066,1.93568,0.37595,0.53437,0.96619,0.003,0.00335,0.84491,0.59915,0.68756,0.37566,0,0,0,0,1.78077,0,5.66996,0.88601,0.00424,0,0.008319,0.002773,0.008319,0.002773,0.008319,0.002773,0.008319,0.002773
75,33507.8,1.92693,0.35029,0.51688,0.96884,0.003,0.00136,0.84433,0.59973,0.68809,0.37571,0,0,0,0,1.77963,0,5.70085,0.8861,0.00423,0,0.008022,0.002674,0.008022,0.002674,0.008022,0.002674,0.008022,0.002674
76,33938.4,1.91952,0.36132,0.5207,0.96447,0.00298,0.00201,0.8438,0.60041,0.68832,0.37575,0,0,0,0,1.77914,0,5.73589,0.88509,0.00423,0,0.007725,0.002575,0.007725,0.002575,0.007725,0.002575,0.007725,0.002575
77,34366.6,1.89692,0.36573,0.52138,0.95354,0.00298,0.00031,0.84468,0.60099,0.6896,0.37633,0,0,0,0,1.77876,0,5.77477,0.88478,0.00423,0,0.007428,0.002476,0.007428,0.002476,0.007428,0.002476,0.007428,0.002476
78,34802.9,1.89486,0.35552,0.51209,0.94763,0.00297,0.00305,0.8446,0.60046,0.68962,0.3763,0,0,0,0,1.77917,0,5.80424,0.88325,0.00424,0,0.007131,0.002377,0.007131,0.002377,0.007131,0.002377,0.007131,0.002377
79,35231.3,1.90292,0.36371,0.51176,0.95316,0.00299,0.00277,0.84538,0.60106,0.68991,0.37634,0,0,0,0,1.7795,0,5.83123,0.88327,0.00424,0,0.006834,0.002278,0.006834,0.002278,0.006834,0.002278,0.006834,0.002278
80,35663.5,1.88885,0.34957,0.49723,0.95041,0.00299,0.00304,0.84582,0.60169,0.69034,0.37639,0,0,0,0,1.77947,0,5.86057,0.88304,0.00424,0,0.006537,0.002179,0.006537,0.002179,0.006537,0.002179,0.006537,0.002179
81,36094.2,1.90211,0.35264,0.50966,0.95638,0.00297,0.00036,0.84559,0.60228,0.69061,0.37692,0,0,0,0,1.77887,0,5.88169,0.88196,0.00424,0,0.00624,0.00208,0.00624,0.00208,0.00624,0.00208,0.00624,0.00208
82,36518.5,1.9002,0.35324,0.5071,0.95109,0.00295,0.00081,0.8449,0.6024,0.69073,0.37701,0,0,0,0,1.77918,0,5.91372,0.88155,0.00424,0,0.005943,0.001981,0.005943,0.001981,0.005943,0.001981,0.005943,0.001981
83,36942.8,1.8938,0.35607,0.50536,0.94604,0.00292,0.00305,0.84534,0.60225,0.69088,0.37686,0,0,0,0,1.77888,0,5.93494,0.8814,0.00424,0,0.005646,0.001882,0.005646,0.001882,0.005646,0.001882,0.005646,0.001882
84,37369.3,1.89632,0.34562,0.50537,0.95443,0.00298,0.00458,0.84318,0.60404,0.69147,0.37737,0,0,0,0,1.77895,0,5.94735,0.88095,0.00424,0,0.005349,0.001783,0.005349,0.001783,0.005349,0.001783,0.005349,0.001783
85,37808.1,1.88681,0.34639,0.49892,0.94349,0.00292,0.00021,0.84401,0.60288,0.6918,0.37735,0,0,0,0,1.77821,0,5.97022,0.88111,0.00424,0,0.005052,0.001684,0.005052,0.001684,0.005052,0.001684,0.005052,0.001684
86,38236.8,1.86614,0.33954,0.49848,0.93364,0.00294,0.00026,0.84492,0.60323,0.69174,0.37763,0,0,0,0,1.77898,0,5.999,0.88008,0.00424,0,0.004755,0.001585,0.004755,0.001585,0.004755,0.001585,0.004755,0.001585
87,38666,1.89653,0.35034,0.49582,0.94337,0.0029,0.00107,0.84497,0.60318,0.69194,0.37737,0,0,0,0,1.77903,0,6.02643,0.87917,0.00424,0,0.004458,0.001486,0.004458,0.001486,0.004458,0.001486,0.004458,0.001486
88,39088.2,1.88232,0.34424,0.48542,0.93617,0.00292,0.00066,0.84257,0.60426,0.69208,0.3774,0,0,0,0,1.77892,0,6.04684,0.8793,0.00424,0,0.004161,0.001387,0.004161,0.001387,0.004161,0.001387,0.004161,0.001387
89,39511,1.87621,0.34761,0.49192,0.92971,0.0029,0.00033,0.84278,0.60434,0.69226,0.3773,0,0,0,0,1.77905,0,6.0797,0.87877,0.00424,0,0.003864,0.001288,0.003864,0.001288,0.003864,0.001288,0.003864,0.001288
90,39933.9,1.86461,0.35338,0.48755,0.93022,0.00288,6e-05,0.8431,0.60454,0.69265,0.37756,0,0,0,0,1.77916,0,6.10339,0.87849,0.00424,0,0.003567,0.001189,0.003567,0.001189,0.003567,0.001189,0.003567,0.001189
91,40511.1,1.76792,0.29058,0.4226,0.86674,0.00327,0.01257,0.84284,0.60496,0.69244,0.37767,0,0,0,0,1.77887,0,6.11811,0.87845,0.00424,0,0.00327,0.00109,0.00327,0.00109,0.00327,0.00109,0.00327,0.00109
92,40932,1.75912,0.28264,0.41532,0.86554,0.00321,0.00413,0.84257,0.60521,0.69249,0.37765,0,0,0,0,1.77935,0,6.12906,0.87803,0.00425,0,0.002973,0.000991,0.002973,0.000991,0.002973,0.000991,0.002973,0.000991
93,41351.8,1.75499,0.27441,0.40718,0.85857,0.00321,0.00758,0.8445,0.60454,0.69296,0.37779,0,0,0,0,1.77935,0,6.13758,0.87759,0.00425,0,0.002676,0.000892,0.002676,0.000892,0.002676,0.000892,0.002676,0.000892
94,41777.6,1.74648,0.28066,0.39914,0.85346,0.0032,0.00563,0.84335,0.60542,0.69284,0.3778,0,0,0,0,1.77878,0,6.15334,0.87815,0.00424,0,0.002379,0.000793,0.002379,0.000793,0.002379,0.000793,0.002379,0.000793
95,42201.2,1.74209,0.27322,0.39711,0.85237,0.00321,0.00813,0.84501,0.60434,0.69296,0.37791,0,0,0,0,1.77927,0,6.17229,0.87748,0.00425,0,0.002082,0.000694,0.002082,0.000694,0.002082,0.000694,0.002082,0.000694
96,42624.3,1.74065,0.27973,0.3943,0.8465,0.0032,0.00398,0.84587,0.60432,0.69313,0.37784,0,0,0,0,1.77952,0,6.1852,0.8773,0.00425,0,0.001785,0.000595,0.001785,0.000595,0.001785,0.000595,0.001785,0.000595
97,43044,1.73411,0.27496,0.38925,0.84728,0.00316,0.00262,0.84744,0.60376,0.69316,0.37838,0,0,0,0,1.77932,0,6.20364,0.87732,0.00425,0,0.001488,0.000496,0.001488,0.000496,0.001488,0.000496,0.001488,0.000496
98,43466.2,1.73748,0.27953,0.39156,0.84803,0.00318,0.00354,0.84706,0.60409,0.69322,0.3783,0,0,0,0,1.77975,0,6.22057,0.87792,0.00425,0,0.001191,0.000397,0.001191,0.000397,0.001191,0.000397,0.001191,0.000397
99,43887.1,1.73346,0.27515,0.38685,0.84809,0.00313,0.00407,0.84641,0.60399,0.69289,0.37803,0,0,0,0,1.78025,0,6.23829,0.878,0.00425,0,0.000894,0.000298,0.000894,0.000298,0.000894,0.000298,0.000894,0.000298
100,44310.6,1.73059,0.26635,0.38784,0.8427,0.00314,0.0015,0.84635,0.60386,0.69276,0.37801,0,0,0,0,1.78007,0,6.25895,0.87752,0.00425,0,0.000597,0.000199,0.000597,0.000199,0.000597,0.000199,0.000597,0.000199
